{
  "Mexico": {
    "att_goals_sum": 10.0,
    "att_exp_sum": 8.401736745726263,
    "def_goals_sum": 3.0,
    "def_exp_sum": 5.461747213193393,
    "n": 5
  },
  "South Africa": {
    "att_goals_sum": 2.0,
    "att_exp_sum": 4.490930877683902,
    "def_goals_sum": 4.0,
    "def_exp_sum": 6.312130371227069,
    "n": 4
  },
  "South Korea": {
    "att_goals_sum": 2.0,
    "att_exp_sum": 4.3380010916429566,
    "def_goals_sum": 3.0,
    "def_exp_sum": 3.711348025258706,
    "n": 3
  },
  "Czechia": {
    "att_goals_sum": 2.0,
    "att_exp_sum": 3.2973389571757377,
    "def_goals_sum": 6.0,
    "def_exp_sum": 4.969991167090713,
    "n": 3
  },
  "Canada": {
    "att_goals_sum": 9.0,
    "att_exp_sum": 6.818954749275042,
    "def_goals_sum": 6.0,
    "def_exp_sum": 6.675321179583183,
    "n": 5
  },
  "Bosnia": {
    "att_goals_sum": 5.0,
    "att_exp_sum": 4.722062904665252,
    "def_goals_sum": 8.0,
    "def_exp_sum": 6.1535453650828025,
    "n": 4
  },
  "USA": {
    "att_goals_sum": 11.0,
    "att_exp_sum": 8.388139866939794,
    "def_goals_sum": 8.0,
    "def_exp_sum": 5.37004001225414,
    "n": 5
  },
  "Paraguay": {
    "att_goals_sum": 3.0,
    "att_exp_sum": 4.6425064212091565,
    "def_goals_sum": 6.0,
    "def_exp_sum": 9.831573156991517,
    "n": 5
  },
  "Qatar": {
    "att_goals_sum": 2.0,
    "att_exp_sum": 2.849906151755955,
    "def_goals_sum": 10.0,
    "def_exp_sum": 5.609599010035075,
    "n": 3
  },
  "Switzerland": {
    "att_goals_sum": 9.0,
    "att_exp_sum": 7.21377161366173,
    "def_goals_sum": 3.0,
    "def_exp_sum": 3.9388459384238232,
    "n": 4
  },
  "Brazil": {
    "att_goals_sum": 10.0,
    "att_exp_sum": 10.423913696693912,
    "def_goals_sum": 4.0,
    "def_exp_sum": 4.4235410971450335,
    "n": 5
  },
  "Morocco": {
    "att_goals_sum": 10.0,
    "att_exp_sum": 8.205367109772544,
    "def_goals_sum": 4.0,
    "def_exp_sum": 5.982240874896997,
    "n": 5
  },
  "Haiti": {
    "att_goals_sum": 2.0,
    "att_exp_sum": 2.197909633493068,
    "def_goals_sum": 8.0,
    "def_exp_sum": 7.528509770746819,
    "n": 3
  },
  "Scotland": {
    "att_goals_sum": 1.0,
    "att_exp_sum": 3.6174530101257485,
    "def_goals_sum": 4.0,
    "def_exp_sum": 4.8629572672655,
    "n": 3
  },
  "Australia": {
    "att_goals_sum": 3.0,
    "att_exp_sum": 5.328994483464275,
    "def_goals_sum": 3.0,
    "def_exp_sum": 5.288336968421195,
    "n": 4
  },
  "Turkey": {
    "att_goals_sum": 3.0,
    "att_exp_sum": 3.878607979875204,
    "def_goals_sum": 5.0,
    "def_exp_sum": 4.301857188811048,
    "n": 3
  },
  "Germany": {
    "att_goals_sum": 11.0,
    "att_exp_sum": 9.53668504973827,
    "def_goals_sum": 5.0,
    "def_exp_sum": 3.077312226028951,
    "n": 4
  },
  "Curacao": {
    "att_goals_sum": 1.0,
    "att_exp_sum": 2.109161938685459,
    "def_goals_sum": 9.0,
    "def_exp_sum": 7.7319336555978255,
    "n": 3
  },
  "Netherlands": {
    "att_goals_sum": 11.0,
    "att_exp_sum": 7.472380548366849,
    "def_goals_sum": 5.0,
    "def_exp_sum": 3.933144390262334,
    "n": 4
  },
  "Japan": {
    "att_goals_sum": 8.0,
    "att_exp_sum": 5.596114835854851,
    "def_goals_sum": 5.0,
    "def_exp_sum": 5.39490083387863,
    "n": 4
  },
  "Sweden": {
    "att_goals_sum": 7.0,
    "att_exp_sum": 4.902305649246574,
    "def_goals_sum": 10.0,
    "def_exp_sum": 6.26354464795887,
    "n": 4
  },
  "Tunisia": {
    "att_goals_sum": 2.0,
    "att_exp_sum": 2.4368923537304457,
    "def_goals_sum": 12.0,
    "def_exp_sum": 6.601012365563909,
    "n": 3
  },
  "Ivory Coast": {
    "att_goals_sum": 5.0,
    "att_exp_sum": 5.710109603822478,
    "def_goals_sum": 4.0,
    "def_exp_sum": 5.442844410760592,
    "n": 4
  },
  "Ecuador": {
    "att_goals_sum": 2.0,
    "att_exp_sum": 5.129526051405882,
    "def_goals_sum": 4.0,
    "def_exp_sum": 6.2833036168325505,
    "n": 4
  },
  "Belgium": {
    "att_goals_sum": 13.0,
    "att_exp_sum": 9.838035550328259,
    "def_goals_sum": 5.0,
    "def_exp_sum": 4.561728926721285,
    "n": 5
  },
  "Egypt": {
    "att_goals_sum": 6.0,
    "att_exp_sum": 5.288581192883337,
    "def_goals_sum": 4.0,
    "def_exp_sum": 5.613912688411518,
    "n": 4
  },
  "Iran": {
    "att_goals_sum": 3.0,
    "att_exp_sum": 3.5827447464037085,
    "def_goals_sum": 3.0,
    "def_exp_sum": 4.6752934740328325,
    "n": 3
  },
  "New Zealand": {
    "att_goals_sum": 4.0,
    "att_exp_sum": 2.852728734371743,
    "def_goals_sum": 10.0,
    "def_exp_sum": 5.709777951575958,
    "n": 3
  },
  "Spain": {
    "att_goals_sum": 9.0,
    "att_exp_sum": 10.576595385815946,
    "def_goals_sum": 0.0,
    "def_exp_sum": 4.36850464958365,
    "n": 5
  },
  "Cape Verde": {
    "att_goals_sum": 3.0,
    "att_exp_sum": 3.112949589477903,
    "def_goals_sum": 3.0,
    "def_exp_sum": 9.77942727646186,
    "n": 4
  },
  "Saudi Arabia": {
    "att_goals_sum": 1.0,
    "att_exp_sum": 3.0996135814922487,
    "def_goals_sum": 5.0,
    "def_exp_sum": 5.4642305813662775,
    "n": 3
  },
  "Uruguay": {
    "att_goals_sum": 3.0,
    "att_exp_sum": 5.298443494648208,
    "def_goals_sum": 4.0,
    "def_exp_sum": 3.3365292751709443,
    "n": 3
  },
  "France": {
    "att_goals_sum": 14.0,
    "att_exp_sum": 12.334724632146731,
    "def_goals_sum": 2.0,
    "def_exp_sum": 3.6635766145033886,
    "n": 5
  },
  "Senegal": {
    "att_goals_sum": 10.0,
    "att_exp_sum": 4.2200279442678665,
    "def_goals_sum": 9.0,
    "def_exp_sum": 7.130941350492215,
    "n": 4
  },
  "Iraq": {
    "att_goals_sum": 1.0,
    "att_exp_sum": 2.5061291331973576,
    "def_goals_sum": 12.0,
    "def_exp_sum": 6.759319275845612,
    "n": 3
  },
  "Norway": {
    "att_goals_sum": 12.0,
    "att_exp_sum": 7.518032861312472,
    "def_goals_sum": 9.0,
    "def_exp_sum": 6.310773181331318,
    "n": 5
  },
  "Argentina": {
    "att_goals_sum": 9.0,
    "att_exp_sum": 11.182256585529313,
    "def_goals_sum": 2.0,
    "def_exp_sum": 2.5860804777323003,
    "n": 4
  },
  "Algeria": {
    "att_goals_sum": 5.0,
    "att_exp_sum": 4.285528483505781,
    "def_goals_sum": 9.0,
    "def_exp_sum": 7.071540401062507,
    "n": 4
  },
  "Austria": {
    "att_goals_sum": 6.0,
    "att_exp_sum": 5.033821240268955,
    "def_goals_sum": 9.0,
    "def_exp_sum": 6.272942504123451,
    "n": 4
  },
  "Jordan": {
    "att_goals_sum": 3.0,
    "att_exp_sum": 2.6213957810205435,
    "def_goals_sum": 8.0,
    "def_exp_sum": 6.781844881609926,
    "n": 3
  },
  "Portugal": {
    "att_goals_sum": 8.0,
    "att_exp_sum": 9.532012103002057,
    "def_goals_sum": 3.0,
    "def_exp_sum": 5.091235475105754,
    "n": 5
  },
  "Congo DR": {
    "att_goals_sum": 5.0,
    "att_exp_sum": 3.5836646374178436,
    "def_goals_sum": 5.0,
    "def_exp_sum": 8.584447733526186,
    "n": 4
  },
  "Uzbekistan": {
    "att_goals_sum": 2.0,
    "att_exp_sum": 2.8377263794528824,
    "def_goals_sum": 11.0,
    "def_exp_sum": 5.8999654868363205,
    "n": 3
  },
  "Colombia": {
    "att_goals_sum": 5.0,
    "att_exp_sum": 6.595644167340558,
    "def_goals_sum": 1.0,
    "def_exp_sum": 4.476588072977477,
    "n": 4
  },
  "England": {
    "att_goals_sum": 11.0,
    "att_exp_sum": 11.4043356274204,
    "def_goals_sum": 5.0,
    "def_exp_sum": 4.1211413928483465,
    "n": 5
  },
  "Croatia": {
    "att_goals_sum": 6.0,
    "att_exp_sum": 6.315997900548301,
    "def_goals_sum": 7.0,
    "def_exp_sum": 4.826167726420851,
    "n": 4
  },
  "Ghana": {
    "att_goals_sum": 2.0,
    "att_exp_sum": 4.4541597893525875,
    "def_goals_sum": 3.0,
    "def_exp_sum": 6.75297112480588,
    "n": 4
  },
  "Panama": {
    "att_goals_sum": 0.0,
    "att_exp_sum": 2.359011449452486,
    "def_goals_sum": 4.0,
    "def_exp_sum": 7.154411038812298,
    "n": 3
  }
}