{
  "Mexico": {
    "att_goals_sum": 8.0,
    "att_exp_sum": 7.304679091041457,
    "def_goals_sum": 0.0,
    "def_exp_sum": 3.873498872224835,
    "n": 4
  },
  "South Africa": {
    "att_goals_sum": 2.0,
    "att_exp_sum": 4.490930877683902,
    "def_goals_sum": 4.0,
    "def_exp_sum": 6.312130371227069,
    "n": 4
  },
  "South Korea": {
    "att_goals_sum": 2.0,
    "att_exp_sum": 4.3380010916429566,
    "def_goals_sum": 3.0,
    "def_exp_sum": 3.711348025258706,
    "n": 3
  },
  "Czechia": {
    "att_goals_sum": 2.0,
    "att_exp_sum": 3.2973389571757377,
    "def_goals_sum": 6.0,
    "def_exp_sum": 4.969991167090713,
    "n": 3
  },
  "Canada": {
    "att_goals_sum": 9.0,
    "att_exp_sum": 5.838626939423609,
    "def_goals_sum": 3.0,
    "def_exp_sum": 4.89795652411752,
    "n": 4
  },
  "Bosnia": {
    "att_goals_sum": 5.0,
    "att_exp_sum": 4.722062904665252,
    "def_goals_sum": 8.0,
    "def_exp_sum": 6.1535453650828025,
    "n": 4
  },
  "USA": {
    "att_goals_sum": 10.0,
    "att_exp_sum": 7.186866976547485,
    "def_goals_sum": 4.0,
    "def_exp_sum": 3.919578577607952,
    "n": 4
  },
  "Paraguay": {
    "att_goals_sum": 3.0,
    "att_exp_sum": 4.021161090432803,
    "def_goals_sum": 5.0,
    "def_exp_sum": 7.0273354590548145,
    "n": 4
  },
  "Qatar": {
    "att_goals_sum": 2.0,
    "att_exp_sum": 2.849906151755955,
    "def_goals_sum": 10.0,
    "def_exp_sum": 5.609599010035075,
    "n": 3
  },
  "Switzerland": {
    "att_goals_sum": 9.0,
    "att_exp_sum": 7.21377161366173,
    "def_goals_sum": 3.0,
    "def_exp_sum": 3.9388459384238232,
    "n": 4
  },
  "Brazil": {
    "att_goals_sum": 9.0,
    "att_exp_sum": 8.79464422644063,
    "def_goals_sum": 2.0,
    "def_exp_sum": 3.3541047443426146,
    "n": 4
  },
  "Morocco": {
    "att_goals_sum": 7.0,
    "att_exp_sum": 6.428002454306879,
    "def_goals_sum": 4.0,
    "def_exp_sum": 5.001913065045564,
    "n": 4
  },
  "Haiti": {
    "att_goals_sum": 2.0,
    "att_exp_sum": 2.197909633493068,
    "def_goals_sum": 8.0,
    "def_exp_sum": 7.528509770746819,
    "n": 3
  },
  "Scotland": {
    "att_goals_sum": 1.0,
    "att_exp_sum": 3.6174530101257485,
    "def_goals_sum": 4.0,
    "def_exp_sum": 4.8629572672655,
    "n": 3
  },
  "Australia": {
    "att_goals_sum": 2.0,
    "att_exp_sum": 3.9420103017407064,
    "def_goals_sum": 2.0,
    "def_exp_sum": 4.032086159681064,
    "n": 3
  },
  "Turkey": {
    "att_goals_sum": 3.0,
    "att_exp_sum": 3.878607979875204,
    "def_goals_sum": 5.0,
    "def_exp_sum": 4.301857188811048,
    "n": 3
  },
  "Germany": {
    "att_goals_sum": 11.0,
    "att_exp_sum": 9.53668504973827,
    "def_goals_sum": 5.0,
    "def_exp_sum": 3.077312226028951,
    "n": 4
  },
  "Curacao": {
    "att_goals_sum": 1.0,
    "att_exp_sum": 2.109161938685459,
    "def_goals_sum": 9.0,
    "def_exp_sum": 7.7319336555978255,
    "n": 3
  },
  "Netherlands": {
    "att_goals_sum": 11.0,
    "att_exp_sum": 7.472380548366849,
    "def_goals_sum": 5.0,
    "def_exp_sum": 3.933144390262334,
    "n": 4
  },
  "Japan": {
    "att_goals_sum": 8.0,
    "att_exp_sum": 5.596114835854851,
    "def_goals_sum": 5.0,
    "def_exp_sum": 5.39490083387863,
    "n": 4
  },
  "Sweden": {
    "att_goals_sum": 7.0,
    "att_exp_sum": 4.902305649246574,
    "def_goals_sum": 10.0,
    "def_exp_sum": 6.26354464795887,
    "n": 4
  },
  "Tunisia": {
    "att_goals_sum": 2.0,
    "att_exp_sum": 2.4368923537304457,
    "def_goals_sum": 12.0,
    "def_exp_sum": 6.601012365563909,
    "n": 3
  },
  "Ivory Coast": {
    "att_goals_sum": 5.0,
    "att_exp_sum": 5.710109603822478,
    "def_goals_sum": 4.0,
    "def_exp_sum": 5.442844410760592,
    "n": 4
  },
  "Ecuador": {
    "att_goals_sum": 2.0,
    "att_exp_sum": 5.129526051405882,
    "def_goals_sum": 4.0,
    "def_exp_sum": 6.2833036168325505,
    "n": 4
  },
  "Belgium": {
    "att_goals_sum": 9.0,
    "att_exp_sum": 8.387574115682071,
    "def_goals_sum": 4.0,
    "def_exp_sum": 3.3604560363289773,
    "n": 4
  },
  "Egypt": {
    "att_goals_sum": 5.0,
    "att_exp_sum": 4.032330384143206,
    "def_goals_sum": 3.0,
    "def_exp_sum": 4.22692850668795,
    "n": 3
  },
  "Iran": {
    "att_goals_sum": 3.0,
    "att_exp_sum": 3.5827447464037085,
    "def_goals_sum": 3.0,
    "def_exp_sum": 4.6752934740328325,
    "n": 3
  },
  "New Zealand": {
    "att_goals_sum": 4.0,
    "att_exp_sum": 2.852728734371743,
    "def_goals_sum": 10.0,
    "def_exp_sum": 5.709777951575958,
    "n": 3
  },
  "Spain": {
    "att_goals_sum": 8.0,
    "att_exp_sum": 9.089415345135654,
    "def_goals_sum": 0.0,
    "def_exp_sum": 3.196891292533107,
    "n": 4
  },
  "Cape Verde": {
    "att_goals_sum": 2.0,
    "att_exp_sum": 2.5413795579519443,
    "def_goals_sum": 2.0,
    "def_exp_sum": 6.730981934867938,
    "n": 3
  },
  "Saudi Arabia": {
    "att_goals_sum": 1.0,
    "att_exp_sum": 3.0996135814922487,
    "def_goals_sum": 5.0,
    "def_exp_sum": 5.4642305813662775,
    "n": 3
  },
  "Uruguay": {
    "att_goals_sum": 3.0,
    "att_exp_sum": 5.298443494648208,
    "def_goals_sum": 4.0,
    "def_exp_sum": 3.3365292751709443,
    "n": 3
  },
  "France": {
    "att_goals_sum": 13.0,
    "att_exp_sum": 9.530486934210028,
    "def_goals_sum": 2.0,
    "def_exp_sum": 3.042231283727035,
    "n": 4
  },
  "Senegal": {
    "att_goals_sum": 10.0,
    "att_exp_sum": 4.2200279442678665,
    "def_goals_sum": 9.0,
    "def_exp_sum": 7.130941350492215,
    "n": 4
  },
  "Iraq": {
    "att_goals_sum": 1.0,
    "att_exp_sum": 2.5061291331973576,
    "def_goals_sum": 12.0,
    "def_exp_sum": 6.759319275845612,
    "n": 3
  },
  "Norway": {
    "att_goals_sum": 10.0,
    "att_exp_sum": 6.448596508510053,
    "def_goals_sum": 8.0,
    "def_exp_sum": 4.681503711078035,
    "n": 4
  },
  "Argentina": {
    "att_goals_sum": 8.0,
    "att_exp_sum": 8.133811243935389,
    "def_goals_sum": 1.0,
    "def_exp_sum": 2.0145104462063417,
    "n": 3
  },
  "Algeria": {
    "att_goals_sum": 5.0,
    "att_exp_sum": 4.285528483505781,
    "def_goals_sum": 9.0,
    "def_exp_sum": 7.071540401062507,
    "n": 4
  },
  "Austria": {
    "att_goals_sum": 6.0,
    "att_exp_sum": 5.033821240268955,
    "def_goals_sum": 9.0,
    "def_exp_sum": 6.272942504123451,
    "n": 4
  },
  "Jordan": {
    "att_goals_sum": 3.0,
    "att_exp_sum": 2.6213957810205435,
    "def_goals_sum": 8.0,
    "def_exp_sum": 6.781844881609926,
    "n": 3
  },
  "Portugal": {
    "att_goals_sum": 8.0,
    "att_exp_sum": 8.360398745951514,
    "def_goals_sum": 2.0,
    "def_exp_sum": 3.6040554344254616,
    "n": 4
  },
  "Congo DR": {
    "att_goals_sum": 5.0,
    "att_exp_sum": 3.5836646374178436,
    "def_goals_sum": 5.0,
    "def_exp_sum": 8.584447733526186,
    "n": 4
  },
  "Uzbekistan": {
    "att_goals_sum": 2.0,
    "att_exp_sum": 2.8377263794528824,
    "def_goals_sum": 11.0,
    "def_exp_sum": 5.8999654868363205,
    "n": 3
  },
  "Colombia": {
    "att_goals_sum": 4.0,
    "att_exp_sum": 4.90073061731274,
    "def_goals_sum": 1.0,
    "def_exp_sum": 3.4485710393232223,
    "n": 3
  },
  "England": {
    "att_goals_sum": 8.0,
    "att_exp_sum": 9.816087286451841,
    "def_goals_sum": 3.0,
    "def_exp_sum": 3.0240837381635406,
    "n": 4
  },
  "Croatia": {
    "att_goals_sum": 6.0,
    "att_exp_sum": 6.315997900548301,
    "def_goals_sum": 7.0,
    "def_exp_sum": 4.826167726420851,
    "n": 4
  },
  "Ghana": {
    "att_goals_sum": 2.0,
    "att_exp_sum": 3.426142755698333,
    "def_goals_sum": 2.0,
    "def_exp_sum": 5.058057574778061,
    "n": 3
  },
  "Panama": {
    "att_goals_sum": 0.0,
    "att_exp_sum": 2.359011449452486,
    "def_goals_sum": 4.0,
    "def_exp_sum": 7.154411038812298,
    "n": 3
  }
}